,Row_num,val_y
0,Row_1,1
1,Row_2,1
2,Row_3,1
3,Row_4,1
4,Row_5,1
5,Row_6,1
6,Row_7,1
7,Row_8,1
8,Row_9,1
9,Row_10,1
10,Row_11,1
11,Row_12,1
12,Row_13,1
13,Row_14,1
14,Row_15,1
15,Row_16,1
16,Row_17,1
17,Row_18,1
18,Row_19,1
19,Row_20,1
20,Row_21,1
21,Row_22,1
22,Row_23,1
23,Row_24,1
24,Row_25,1
25,Row_26,1
26,Row_27,1
27,Row_28,1
28,Row_29,1
29,Row_30,1
30,Row_31,1
31,Row_32,1
32,Row_33,1
33,Row_34,1
34,Row_35,1
35,Row_36,1
36,Row_37,1
37,Row_38,1
38,Row_39,1
39,Row_40,1
40,Row_41,1
41,Row_42,1
42,Row_43,1
43,Row_44,2
44,Row_45,2
45,Row_46,1
46,Row_47,1
47,Row_48,1
48,Row_49,1
49,Row_50,1
50,Row_51,1
51,Row_52,1
52,Row_53,1
53,Row_54,1
54,Row_55,1
55,Row_56,1
56,Row_57,1
57,Row_58,1
58,Row_59,1
59,Row_60,1
60,Row_61,1
61,Row_62,1
62,Row_63,1
63,Row_64,1
64,Row_65,1
65,Row_66,1
66,Row_67,1
67,Row_68,1
68,Row_69,1
69,Row_70,1
70,Row_71,1
71,Row_72,1
72,Row_73,1
73,Row_74,1
74,Row_75,1
75,Row_76,1
76,Row_77,1
77,Row_78,1
78,Row_79,1
79,Row_80,1
80,Row_81,1
81,Row_82,1
82,Row_83,1
83,Row_84,1
84,Row_85,1
85,Row_86,1
86,Row_87,1
87,Row_88,1
88,Row_89,1
89,Row_90,1
90,Row_91,1
91,Row_92,1
92,Row_93,1
93,Row_94,1
94,Row_95,2
95,Row_159,2
96,Row_96,1
97,Row_97,2
98,Row_164,2
99,Row_98,1
100,Row_99,1
101,Row_100,1
102,Row_101,1
103,Row_102,1
104,Row_103,1
105,Row_104,1
106,Row_105,1
107,Row_106,1
108,Row_107,1
109,Row_108,1
110,Row_109,1
111,Row_110,1
112,Row_111,1
113,Row_112,1
114,Row_113,1
115,Row_114,1
116,Row_115,1
117,Row_116,1
118,Row_117,1
119,Row_118,1
120,Row_119,1
121,Row_120,1
122,Row_121,1
123,Row_122,1
124,Row_123,1
125,Row_124,1
126,Row_125,1
127,Row_126,1
128,Row_127,1
129,Row_128,1
130,Row_129,1
131,Row_130,1
132,Row_131,1
133,Row_132,1
134,Row_133,1
135,Row_134,1
136,Row_135,1
137,Row_136,1
138,Row_137,1
139,Row_138,1
140,Row_139,1
141,Row_140,1
142,Row_141,1
143,Row_142,1
144,Row_143,1
145,Row_144,1
146,Row_145,1
147,Row_146,1
148,Row_147,1
149,Row_148,1
150,Row_149,1
151,Row_150,1
152,Row_151,1
153,Row_152,1
154,Row_153,1
155,Row_154,1
156,Row_155,1
157,Row_156,1
158,Row_157,1
159,Row_158,1
160,Row_160,2
161,Row_161,2
162,Row_162,1
163,Row_163,2
164,Row_237,2
165,Row_165,1
166,Row_166,1
167,Row_167,1
168,Row_168,1
169,Row_169,1
170,Row_170,1
171,Row_171,1
172,Row_172,1
173,Row_173,1
174,Row_174,1
175,Row_175,1
176,Row_176,1
177,Row_177,1
178,Row_178,1
179,Row_179,1
180,Row_180,1
181,Row_181,1
182,Row_182,1
183,Row_183,1
184,Row_184,1
185,Row_185,1
186,Row_186,1
187,Row_187,1
188,Row_188,1
189,Row_189,1
190,Row_190,1
191,Row_191,1
192,Row_192,1
193,Row_193,1
194,Row_194,1
195,Row_195,1
196,Row_196,1
197,Row_197,1
198,Row_198,1
199,Row_199,1
200,Row_200,1
201,Row_201,1
202,Row_202,1
203,Row_203,1
204,Row_204,1
205,Row_205,1
206,Row_206,1
207,Row_207,1
208,Row_208,1
209,Row_209,1
210,Row_210,1
211,Row_211,1
212,Row_212,1
213,Row_213,2
214,Row_214,2
215,Row_215,1
216,Row_216,1
217,Row_217,1
218,Row_218,1
219,Row_219,1
220,Row_220,1
221,Row_221,1
222,Row_222,1
223,Row_223,1
224,Row_224,1
225,Row_225,1
226,Row_226,1
227,Row_227,1
228,Row_228,1
229,Row_229,1
230,Row_230,1
231,Row_231,1
232,Row_232,1
233,Row_233,2
234,Row_234,2
235,Row_235,1
236,Row_236,1
237,Row_238,1
238,Row_239,1
239,Row_240,1
240,Row_241,1
241,Row_242,1
242,Row_243,1
243,Row_244,1
244,Row_245,1
245,Row_246,1
246,Row_247,1
247,Row_248,1
248,Row_249,1
249,Row_250,1
250,Row_251,1
251,Row_252,1
252,Row_253,1
253,Row_254,1
254,Row_255,1
255,Row_256,4
256,Row_257,4
257,Row_470,4
258,Row_471,4
259,Row_258,1
260,Row_259,1
261,Row_260,1
262,Row_261,1
263,Row_262,1
264,Row_263,1
265,Row_264,1
266,Row_265,1
267,Row_266,1
268,Row_267,1
269,Row_268,1
270,Row_269,1
271,Row_270,1
272,Row_271,1
273,Row_272,1
274,Row_273,1
275,Row_274,1
276,Row_275,1
277,Row_276,1
278,Row_277,1
279,Row_278,1
280,Row_279,1
281,Row_280,1
282,Row_281,1
283,Row_282,1
284,Row_283,1
285,Row_284,1
286,Row_285,1
287,Row_286,1
288,Row_287,1
289,Row_288,1
290,Row_289,1
291,Row_290,1
292,Row_291,1
293,Row_292,1
294,Row_293,1
295,Row_294,1
296,Row_295,1
297,Row_296,1
298,Row_297,1
299,Row_298,1
300,Row_299,1
301,Row_300,1
302,Row_301,1
303,Row_302,1
304,Row_303,1
305,Row_304,1
306,Row_305,1
307,Row_306,1
308,Row_307,1
309,Row_308,1
310,Row_309,1
311,Row_310,1
312,Row_311,1
313,Row_312,1
314,Row_313,1
315,Row_314,1
316,Row_315,1
317,Row_316,1
318,Row_317,1
319,Row_318,1
320,Row_319,1
321,Row_320,1
322,Row_321,1
323,Row_322,1
324,Row_323,1
325,Row_324,1
326,Row_325,1
327,Row_326,1
328,Row_327,1
329,Row_328,1
330,Row_329,1
331,Row_330,1
332,Row_331,1
333,Row_332,1
334,Row_333,1
335,Row_334,1
336,Row_335,1
337,Row_336,1
338,Row_337,1
339,Row_338,1
340,Row_339,1
341,Row_340,1
342,Row_341,1
343,Row_342,1
344,Row_343,1
345,Row_344,1
346,Row_345,1
347,Row_346,1
348,Row_347,1
349,Row_348,1
350,Row_349,1
351,Row_350,1
352,Row_351,1
353,Row_352,1
354,Row_353,1
355,Row_354,1
356,Row_355,1
357,Row_356,1
358,Row_357,1
359,Row_358,1
360,Row_359,1
361,Row_360,1
362,Row_361,1
363,Row_362,1
364,Row_363,1
365,Row_364,1
366,Row_365,1
367,Row_366,1
368,Row_367,1
369,Row_368,1
370,Row_369,1
371,Row_370,1
372,Row_371,1
373,Row_372,1
374,Row_373,1
375,Row_374,1
376,Row_375,1
377,Row_376,1
378,Row_377,1
379,Row_378,1
380,Row_379,1
381,Row_380,1
382,Row_381,1
383,Row_382,1
384,Row_383,1
385,Row_384,1
386,Row_385,1
387,Row_386,1
388,Row_387,1
389,Row_388,1
390,Row_389,1
391,Row_390,1
392,Row_391,1
393,Row_392,1
394,Row_393,1
395,Row_394,1
396,Row_395,1
397,Row_396,1
398,Row_397,1
399,Row_398,1
400,Row_399,1
401,Row_400,1
402,Row_401,1
403,Row_402,1
404,Row_403,1
405,Row_404,1
406,Row_405,1
407,Row_406,1
408,Row_407,1
409,Row_408,1
410,Row_409,1
411,Row_410,1
412,Row_411,1
413,Row_412,1
414,Row_413,1
415,Row_414,1
416,Row_415,1
417,Row_416,1
418,Row_417,1
419,Row_418,1
420,Row_419,1
421,Row_420,1
422,Row_421,1
423,Row_422,1
424,Row_423,1
425,Row_424,1
426,Row_425,1
427,Row_426,1
428,Row_427,1
429,Row_428,1
430,Row_429,1
431,Row_430,1
432,Row_431,1
433,Row_432,1
434,Row_433,1
435,Row_434,1
436,Row_435,1
437,Row_436,1
438,Row_437,1
439,Row_438,1
440,Row_439,1
441,Row_440,1
442,Row_441,1
443,Row_442,1
444,Row_443,1
445,Row_444,1
446,Row_445,1
447,Row_446,1
448,Row_447,1
449,Row_448,1
450,Row_449,1
451,Row_450,1
452,Row_451,1
453,Row_452,1
454,Row_453,1
455,Row_454,1
456,Row_455,1
457,Row_456,1
458,Row_457,1
459,Row_458,1
460,Row_459,1
461,Row_460,1
462,Row_461,1
463,Row_462,1
464,Row_463,1
465,Row_464,1
466,Row_465,1
467,Row_466,1
468,Row_467,1
469,Row_468,1
470,Row_469,1
471,Row_472,1
472,Row_473,1
473,Row_474,1
474,Row_475,1
475,Row_476,1
476,Row_477,1
477,Row_478,1
478,Row_479,1
479,Row_480,1
480,Row_481,1
481,Row_482,1
482,Row_483,1
483,Row_484,1
484,Row_485,1
485,Row_486,1
486,Row_487,1
487,Row_488,1
488,Row_489,1
489,Row_490,1
490,Row_491,1
491,Row_492,1
492,Row_493,1
493,Row_494,1
494,Row_495,1
495,Row_496,1
496,Row_497,2
497,Row_498,2
498,Row_499,1
499,Row_500,1
500,Row_501,1
501,Row_502,1
502,Row_503,1
503,Row_504,1
504,Row_505,1
505,Row_506,1
506,Row_507,1
507,Row_508,1
508,Row_509,1
509,Row_510,1
510,Row_511,1
511,Row_512,1
512,Row_513,1
513,Row_514,1
514,Row_515,1
515,Row_516,1
516,Row_517,1
517,Row_518,1
518,Row_519,1
519,Row_520,1
520,Row_521,1
521,Row_522,4
522,Row_980,4
523,Row_1378,4
524,Row_523,1
525,Row_524,1
526,Row_525,1
527,Row_526,1
528,Row_527,1
529,Row_528,1
530,Row_529,1
531,Row_530,1
532,Row_531,1
533,Row_532,1
534,Row_533,1
535,Row_534,1
536,Row_535,1
537,Row_536,1
538,Row_537,1
539,Row_538,1
540,Row_539,2
541,Row_968,2
542,Row_540,1
543,Row_541,1
544,Row_542,1
545,Row_543,1
546,Row_544,1
547,Row_545,1
548,Row_546,1
549,Row_547,1
550,Row_548,1
551,Row_549,1
552,Row_550,1
553,Row_551,1
554,Row_552,2
555,Row_553,2
556,Row_554,1
557,Row_555,1
558,Row_556,1
559,Row_557,1
560,Row_558,1
561,Row_559,1
562,Row_560,1
563,Row_561,1
564,Row_562,1
565,Row_563,1
566,Row_564,1
567,Row_565,1
568,Row_566,1
569,Row_567,1
570,Row_568,1
571,Row_569,1
572,Row_570,1
573,Row_571,1
574,Row_572,1
575,Row_573,1
576,Row_574,1
577,Row_575,1
578,Row_576,1
579,Row_577,1
580,Row_578,1
581,Row_579,1
582,Row_580,1
583,Row_581,1
584,Row_582,2
585,Row_583,2
586,Row_584,1
587,Row_585,1
588,Row_586,1
589,Row_587,1
590,Row_588,1
591,Row_589,1
592,Row_590,1
593,Row_591,1
594,Row_592,1
595,Row_593,1
596,Row_594,1
597,Row_595,1
598,Row_596,1
599,Row_597,1
600,Row_598,1
601,Row_599,1
602,Row_600,1
603,Row_601,1
604,Row_602,1
605,Row_603,1
606,Row_604,1
607,Row_605,1
608,Row_606,1
609,Row_607,1
610,Row_608,1
611,Row_609,1
612,Row_610,1
613,Row_611,1
614,Row_612,2
615,Row_933,2
616,Row_613,1
617,Row_614,1
618,Row_615,1
619,Row_616,1
620,Row_617,1
621,Row_618,1
622,Row_619,1
623,Row_620,1
624,Row_621,1
625,Row_622,1
626,Row_623,1
627,Row_624,1
628,Row_625,1
629,Row_626,1
630,Row_627,1
631,Row_628,2
632,Row_935,2
633,Row_629,1
634,Row_630,1
635,Row_631,1
636,Row_632,1
637,Row_633,1
638,Row_634,1
639,Row_635,1
640,Row_636,2
641,Row_637,2
642,Row_638,1
643,Row_639,1
644,Row_640,1
645,Row_641,1
646,Row_642,1
647,Row_643,1
648,Row_644,1
649,Row_645,1
650,Row_646,1
651,Row_647,1
652,Row_648,1
653,Row_649,1
654,Row_650,1
655,Row_651,1
656,Row_652,1
657,Row_653,1
658,Row_654,1
659,Row_655,1
660,Row_656,1
661,Row_657,1
662,Row_658,1
663,Row_659,1
664,Row_660,1
665,Row_661,1
666,Row_662,1
667,Row_663,1
668,Row_664,1
669,Row_665,1
670,Row_666,1
671,Row_667,1
672,Row_668,1
673,Row_669,1
674,Row_670,1
675,Row_671,1
676,Row_672,1
677,Row_673,1
678,Row_674,1
679,Row_675,1
680,Row_676,1
681,Row_677,1
682,Row_678,1
683,Row_679,1
684,Row_680,1
685,Row_681,1
686,Row_682,1
687,Row_683,1
688,Row_684,1
689,Row_685,1
690,Row_686,1
691,Row_687,1
692,Row_688,2
693,Row_689,2
694,Row_690,1
695,Row_691,1
696,Row_692,1
697,Row_693,1
698,Row_694,1
699,Row_695,1
700,Row_696,1
701,Row_697,1
702,Row_698,1
703,Row_699,1
704,Row_700,1
705,Row_701,1
706,Row_702,1
707,Row_703,1
708,Row_704,1
709,Row_705,1
710,Row_706,1
711,Row_707,1
712,Row_708,1
713,Row_709,1
714,Row_710,1
715,Row_711,1
716,Row_712,1
717,Row_713,1
718,Row_714,1
719,Row_715,1
720,Row_716,1
721,Row_717,1
722,Row_718,1
723,Row_719,1
724,Row_720,1
725,Row_721,4
726,Row_1082,4
727,Row_1083,4
728,Row_722,1
729,Row_723,1
730,Row_724,1
731,Row_725,1
732,Row_726,1
733,Row_727,1
734,Row_728,1
735,Row_729,1
736,Row_730,1
737,Row_731,1
738,Row_732,1
739,Row_733,1
740,Row_734,1
741,Row_735,1
742,Row_736,1
743,Row_737,1
744,Row_738,1
745,Row_739,1
746,Row_740,1
747,Row_741,1
748,Row_742,1
749,Row_743,1
750,Row_744,1
751,Row_745,1
752,Row_746,2
753,Row_747,2
754,Row_748,1
755,Row_749,1
756,Row_750,1
757,Row_751,2
758,Row_752,2
759,Row_753,1
760,Row_754,1
761,Row_755,1
762,Row_756,1
763,Row_757,1
764,Row_758,1
765,Row_759,1
766,Row_760,1
767,Row_761,1
768,Row_762,1
769,Row_763,1
770,Row_764,1
771,Row_765,1
772,Row_766,1
773,Row_767,1
774,Row_768,1
775,Row_769,1
776,Row_770,1
777,Row_771,1
778,Row_772,1
779,Row_773,1
780,Row_774,1
781,Row_775,1
782,Row_776,1
783,Row_777,1
784,Row_778,1
785,Row_779,1
786,Row_780,1
787,Row_781,1
788,Row_782,1
789,Row_783,1
790,Row_784,1
791,Row_785,1
792,Row_786,1
793,Row_787,1
794,Row_788,1
795,Row_789,1
796,Row_790,1
797,Row_791,1
798,Row_792,1
799,Row_793,1
800,Row_794,1
801,Row_795,1
802,Row_796,1
803,Row_797,1
804,Row_798,1
805,Row_799,1
806,Row_800,1
807,Row_801,1
808,Row_802,1
809,Row_803,1
810,Row_804,1
811,Row_805,1
812,Row_806,1
813,Row_807,1
814,Row_808,1
815,Row_809,1
816,Row_810,1
817,Row_811,1
818,Row_812,1
819,Row_813,1
820,Row_814,1
821,Row_815,1
822,Row_816,1
823,Row_817,1
824,Row_818,1
825,Row_819,1
826,Row_820,1
827,Row_821,1
828,Row_822,1
829,Row_823,1
830,Row_824,1
831,Row_825,1
832,Row_826,1
833,Row_827,1
834,Row_828,1
835,Row_829,1
836,Row_830,1
837,Row_831,1
838,Row_832,1
839,Row_833,1
840,Row_834,1
841,Row_835,1
842,Row_836,1
843,Row_837,1
844,Row_838,1
845,Row_839,1
846,Row_840,1
847,Row_841,1
848,Row_842,1
849,Row_843,1
850,Row_844,1
851,Row_845,1
852,Row_846,1
853,Row_847,1
854,Row_848,1
855,Row_849,1
856,Row_850,1
857,Row_851,2
858,Row_1201,2
859,Row_852,1
860,Row_853,1
861,Row_854,1
862,Row_855,1
863,Row_856,1
864,Row_857,1
865,Row_858,1
866,Row_859,1
867,Row_860,1
868,Row_861,4
869,Row_1242,4
870,Row_1243,4
871,Row_862,1
872,Row_863,1
873,Row_864,1
874,Row_865,1
875,Row_866,1
876,Row_867,1
877,Row_868,1
878,Row_869,1
879,Row_870,1
880,Row_871,1
881,Row_872,1
882,Row_873,1
883,Row_874,1
884,Row_875,1
885,Row_876,1
886,Row_877,1
887,Row_878,1
888,Row_879,1
889,Row_880,1
890,Row_881,1
891,Row_882,1
892,Row_883,1
893,Row_884,1
894,Row_885,2
895,Row_886,2
896,Row_887,1
897,Row_888,1
898,Row_889,1
899,Row_890,1
900,Row_891,1
901,Row_892,1
902,Row_893,1
903,Row_894,1
904,Row_895,1
905,Row_896,1
906,Row_897,1
907,Row_898,1
908,Row_899,1
909,Row_900,1
910,Row_901,1
911,Row_902,1
912,Row_903,1
913,Row_904,1
914,Row_905,1
915,Row_906,1
916,Row_907,1
917,Row_908,1
918,Row_909,1
919,Row_910,1
920,Row_911,1
921,Row_912,1
922,Row_913,1
923,Row_914,1
924,Row_915,1
925,Row_916,1
926,Row_917,1
927,Row_918,1
928,Row_919,1
929,Row_920,1
930,Row_921,1
931,Row_922,1
932,Row_923,1
933,Row_924,1
934,Row_925,1
935,Row_926,1
936,Row_927,1
937,Row_928,1
938,Row_929,1
939,Row_930,1
940,Row_931,1
941,Row_932,1
942,Row_934,1
943,Row_936,1
944,Row_937,1
945,Row_938,1
946,Row_939,1
947,Row_940,1
948,Row_941,1
949,Row_942,1
950,Row_943,1
951,Row_944,1
952,Row_945,1
953,Row_946,1
954,Row_947,1
955,Row_948,1
956,Row_949,1
957,Row_950,1
958,Row_951,1
959,Row_952,1
960,Row_953,1
961,Row_954,1
962,Row_955,1
963,Row_956,1
964,Row_957,1
965,Row_958,1
966,Row_959,1
967,Row_960,1
968,Row_961,1
969,Row_962,1
970,Row_963,1
971,Row_964,1
972,Row_965,1
973,Row_966,1
974,Row_967,1
975,Row_969,1
976,Row_970,1
977,Row_971,1
978,Row_972,1
979,Row_973,1
980,Row_974,1
981,Row_975,1
982,Row_976,1
983,Row_977,1
984,Row_978,1
985,Row_979,1
986,Row_981,1
987,Row_982,1
988,Row_983,1
989,Row_984,1
990,Row_985,1
991,Row_986,1
992,Row_987,1
993,Row_988,1
994,Row_989,1
995,Row_990,1
996,Row_991,1
997,Row_992,1
998,Row_993,1
999,Row_994,1
1000,Row_995,1
1001,Row_996,1
1002,Row_997,1
1003,Row_998,1
1004,Row_999,1
1005,Row_1000,1
1006,Row_1001,1
1007,Row_1002,1
1008,Row_1003,1
1009,Row_1004,1
1010,Row_1005,1
1011,Row_1006,1
1012,Row_1007,1
1013,Row_1008,1
1014,Row_1009,1
1015,Row_1010,1
1016,Row_1011,1
1017,Row_1012,1
1018,Row_1013,1
1019,Row_1014,1
1020,Row_1015,1
1021,Row_1016,1
1022,Row_1017,1
1023,Row_1018,1
1024,Row_1019,1
1025,Row_1020,1
1026,Row_1021,1
1027,Row_1022,1
1028,Row_1023,1
1029,Row_1024,1
1030,Row_1025,1
1031,Row_1026,1
1032,Row_1027,1
1033,Row_1028,1
1034,Row_1029,1
1035,Row_1030,1
1036,Row_1031,1
1037,Row_1032,1
1038,Row_1033,1
1039,Row_1034,4
1040,Row_1380,4
1041,Row_1381,4
1042,Row_1035,1
1043,Row_1036,1
1044,Row_1037,1
1045,Row_1038,1
1046,Row_1039,1
1047,Row_1040,1
1048,Row_1041,1
1049,Row_1042,1
1050,Row_1043,1
1051,Row_1044,1
1052,Row_1045,1
1053,Row_1046,1
1054,Row_1047,1
1055,Row_1048,1
1056,Row_1049,1
1057,Row_1050,2
1058,Row_1051,2
1059,Row_1052,1
1060,Row_1053,1
1061,Row_1054,1
1062,Row_1055,1
1063,Row_1056,1
1064,Row_1057,1
1065,Row_1058,1
1066,Row_1059,1
1067,Row_1060,1
1068,Row_1061,1
1069,Row_1062,1
1070,Row_1063,1
1071,Row_1064,1
1072,Row_1065,1
1073,Row_1066,1
1074,Row_1067,1
1075,Row_1068,1
1076,Row_1069,1
1077,Row_1070,1
1078,Row_1071,1
1079,Row_1072,1
1080,Row_1073,1
1081,Row_1074,1
1082,Row_1075,1
1083,Row_1076,1
1084,Row_1077,1
1085,Row_1078,1
1086,Row_1079,1
1087,Row_1080,1
1088,Row_1081,1
1089,Row_1084,1
1090,Row_1085,1
1091,Row_1086,1
1092,Row_1087,1
1093,Row_1088,1
1094,Row_1089,1
1095,Row_1090,1
1096,Row_1091,1
1097,Row_1092,1
1098,Row_1093,1
1099,Row_1094,1
1100,Row_1095,1
1101,Row_1096,1
1102,Row_1097,1
1103,Row_1098,1
1104,Row_1099,1
1105,Row_1100,1
1106,Row_1101,1
1107,Row_1102,1
1108,Row_1103,1
1109,Row_1104,1
1110,Row_1105,1
1111,Row_1106,1
1112,Row_1107,1
1113,Row_1108,1
1114,Row_1109,1
1115,Row_1110,1
1116,Row_1111,1
1117,Row_1112,1
1118,Row_1113,1
1119,Row_1114,1
1120,Row_1115,1
1121,Row_1116,1
1122,Row_1117,1
1123,Row_1118,1
1124,Row_1119,1
1125,Row_1120,1
1126,Row_1121,1
1127,Row_1122,1
1128,Row_1123,1
1129,Row_1124,1
1130,Row_1125,1
1131,Row_1126,1
1132,Row_1127,1
1133,Row_1128,1
1134,Row_1129,1
1135,Row_1130,1
1136,Row_1131,1
1137,Row_1132,2
1138,Row_1639,2
1139,Row_1133,1
1140,Row_1134,1
1141,Row_1135,1
1142,Row_1136,1
1143,Row_1137,1
1144,Row_1138,2
1145,Row_1139,2
1146,Row_1140,1
1147,Row_1141,1
1148,Row_1142,1
1149,Row_1143,1
1150,Row_1144,1
1151,Row_1145,1
1152,Row_1146,1
1153,Row_1147,1
1154,Row_1148,1
1155,Row_1149,1
1156,Row_1150,1
1157,Row_1151,1
1158,Row_1152,1
1159,Row_1153,1
1160,Row_1154,1
1161,Row_1155,1
1162,Row_1156,1
1163,Row_1157,1
1164,Row_1158,1
1165,Row_1159,1
1166,Row_1160,1
1167,Row_1161,1
1168,Row_1162,1
1169,Row_1163,1
1170,Row_1164,1
1171,Row_1165,1
1172,Row_1166,1
1173,Row_1167,1
1174,Row_1168,1
1175,Row_1169,2
1176,Row_1170,2
1177,Row_1171,1
1178,Row_1172,1
1179,Row_1173,1
1180,Row_1174,1
1181,Row_1175,1
1182,Row_1176,1
1183,Row_1177,1
1184,Row_1178,1
1185,Row_1179,1
1186,Row_1180,1
1187,Row_1181,1
1188,Row_1182,1
1189,Row_1183,1
1190,Row_1184,1
1191,Row_1185,1
1192,Row_1186,1
1193,Row_1187,1
1194,Row_1188,1
1195,Row_1189,1
1196,Row_1190,1
1197,Row_1191,1
1198,Row_1192,1
1199,Row_1193,1
1200,Row_1194,1
1201,Row_1195,1
1202,Row_1196,1
1203,Row_1197,1
1204,Row_1198,1
1205,Row_1199,1
1206,Row_1200,2
1207,Row_1682,2
1208,Row_1202,1
1209,Row_1203,1
1210,Row_1204,1
1211,Row_1205,1
1212,Row_1206,1
1213,Row_1207,1
1214,Row_1208,1
1215,Row_1209,1
1216,Row_1210,1
1217,Row_1211,1
1218,Row_1212,1
1219,Row_1213,1
1220,Row_1214,1
1221,Row_1215,1
1222,Row_1216,1
1223,Row_1217,1
1224,Row_1218,1
1225,Row_1219,1
1226,Row_1220,1
1227,Row_1221,1
1228,Row_1222,1
1229,Row_1223,1
1230,Row_1224,1
1231,Row_1225,1
1232,Row_1226,1
1233,Row_1227,1
1234,Row_1228,1
1235,Row_1229,1
1236,Row_1230,1
1237,Row_1231,1
1238,Row_1232,1
1239,Row_1233,1
1240,Row_1234,1
1241,Row_1235,1
1242,Row_1236,1
1243,Row_1237,1
1244,Row_1238,1
1245,Row_1239,1
1246,Row_1240,1
1247,Row_1241,1
1248,Row_1244,1
1249,Row_1245,1
1250,Row_1246,1
1251,Row_1247,1
1252,Row_1248,1
1253,Row_1249,1
1254,Row_1250,1
1255,Row_1251,1
1256,Row_1252,1
1257,Row_1253,1
1258,Row_1254,1
1259,Row_1255,1
1260,Row_1256,1
1261,Row_1257,1
1262,Row_1258,1
1263,Row_1259,1
1264,Row_1260,1
1265,Row_1261,1
1266,Row_1262,1
1267,Row_1263,1
1268,Row_1264,1
1269,Row_1265,1
1270,Row_1266,1
1271,Row_1267,1
1272,Row_1268,1
1273,Row_1269,1
1274,Row_1270,1
1275,Row_1271,1
1276,Row_1272,1
1277,Row_1273,1
1278,Row_1274,1
1279,Row_1275,1
1280,Row_1276,1
1281,Row_1277,1
1282,Row_1278,1
1283,Row_1279,1
1284,Row_1280,1
1285,Row_1281,1
1286,Row_1282,1
1287,Row_1283,1
1288,Row_1284,1
1289,Row_1285,1
1290,Row_1286,1
1291,Row_1287,1
1292,Row_1288,1
1293,Row_1289,4
1294,Row_1791,4
1295,Row_1792,4
1296,Row_1290,1
1297,Row_1291,1
1298,Row_1292,1
1299,Row_1293,1
1300,Row_1294,1
1301,Row_1295,1
1302,Row_1296,1
1303,Row_1297,1
1304,Row_1298,1
1305,Row_1299,1
1306,Row_1300,1
1307,Row_1301,1
1308,Row_1302,1
1309,Row_1303,1
1310,Row_1304,1
1311,Row_1305,1
1312,Row_1306,1
1313,Row_1307,1
1314,Row_1308,1
1315,Row_1309,1
1316,Row_1310,1
1317,Row_1311,1
1318,Row_1312,1
1319,Row_1313,1
1320,Row_1314,1
1321,Row_1315,1
1322,Row_1316,1
1323,Row_1317,1
1324,Row_1318,1
1325,Row_1319,1
1326,Row_1320,1
1327,Row_1321,1
1328,Row_1322,1
1329,Row_1323,1
1330,Row_1324,1
1331,Row_1325,1
1332,Row_1326,1
1333,Row_1327,1
1334,Row_1328,2
1335,Row_1329,2
1336,Row_1330,1
1337,Row_1331,1
1338,Row_1332,1
1339,Row_1333,1
1340,Row_1334,1
1341,Row_1335,1
1342,Row_1336,1
1343,Row_1337,1
1344,Row_1338,1
1345,Row_1339,1
1346,Row_1340,1
1347,Row_1341,1
1348,Row_1342,1
1349,Row_1343,1
1350,Row_1344,1
1351,Row_1345,1
1352,Row_1346,1
1353,Row_1347,1
1354,Row_1348,1
1355,Row_1349,1
1356,Row_1350,2
1357,Row_1351,2
1358,Row_1352,1
1359,Row_1353,1
1360,Row_1354,1
1361,Row_1355,1
1362,Row_1356,1
1363,Row_1357,1
1364,Row_1358,1
1365,Row_1359,1
1366,Row_1360,1
1367,Row_1361,1
1368,Row_1362,1
1369,Row_1363,1
1370,Row_1364,1
1371,Row_1365,1
1372,Row_1366,1
1373,Row_1367,1
1374,Row_1368,1
1375,Row_1369,1
1376,Row_1370,1
1377,Row_1371,1
1378,Row_1372,1
1379,Row_1373,1
1380,Row_1374,1
1381,Row_1375,1
1382,Row_1376,1
1383,Row_1377,1
1384,Row_1379,1
1385,Row_1382,1
1386,Row_1383,1
1387,Row_1384,1
1388,Row_1385,2
1389,Row_1386,2
1390,Row_1387,1
1391,Row_1388,1
1392,Row_1389,1
1393,Row_1390,1
1394,Row_1391,1
1395,Row_1392,1
1396,Row_1393,1
1397,Row_1394,1
1398,Row_1395,1
1399,Row_1396,1
1400,Row_1397,1
1401,Row_1398,1
1402,Row_1399,1
1403,Row_1400,1
1404,Row_1401,1
1405,Row_1402,1
1406,Row_1403,1
1407,Row_1404,1
1408,Row_1405,1
1409,Row_1406,1
1410,Row_1407,1
1411,Row_1408,1
1412,Row_1409,1
1413,Row_1410,1
1414,Row_1411,1
1415,Row_1412,1
1416,Row_1413,1
1417,Row_1414,1
1418,Row_1415,1
1419,Row_1416,1
1420,Row_1417,1
1421,Row_1418,1
1422,Row_1419,1
1423,Row_1420,1
1424,Row_1421,1
1425,Row_1422,1
1426,Row_1423,1
1427,Row_1424,1
1428,Row_1425,1
1429,Row_1426,1
1430,Row_1427,1
1431,Row_1428,1
1432,Row_1429,1
1433,Row_1430,1
1434,Row_1431,1
1435,Row_1432,1
1436,Row_1433,1
1437,Row_1434,1
1438,Row_1435,1
1439,Row_1436,1
1440,Row_1437,1
1441,Row_1438,1
1442,Row_1439,1
1443,Row_1440,1
1444,Row_1441,1
1445,Row_1442,1
1446,Row_1443,1
1447,Row_1444,1
1448,Row_1445,1
1449,Row_1446,1
1450,Row_1447,1
1451,Row_1448,1
1452,Row_1449,1
1453,Row_1450,1
1454,Row_1451,1
1455,Row_1452,1
1456,Row_1453,1
1457,Row_1454,1
1458,Row_1455,1
1459,Row_1456,1
1460,Row_1457,1
1461,Row_1458,1
1462,Row_1459,1
1463,Row_1460,1
1464,Row_1461,1
1465,Row_1462,1
1466,Row_1463,1
1467,Row_1464,1
1468,Row_1465,1
1469,Row_1466,1
1470,Row_1467,1
1471,Row_1468,1
1472,Row_1469,1
1473,Row_1470,1
1474,Row_1471,1
1475,Row_1472,1
1476,Row_1473,1
1477,Row_1474,1
1478,Row_1475,1
1479,Row_1476,1
1480,Row_1477,1
1481,Row_1478,1
1482,Row_1479,1
1483,Row_1480,2
1484,Row_1481,2
1485,Row_1482,1
1486,Row_1483,1
1487,Row_1484,1
1488,Row_1485,1
1489,Row_1486,1
1490,Row_1487,1
1491,Row_1488,1
1492,Row_1489,1
1493,Row_1490,1
1494,Row_1491,1
1495,Row_1492,1
1496,Row_1493,1
1497,Row_1494,1
1498,Row_1495,1
1499,Row_1496,1
1500,Row_1497,1
1501,Row_1498,1
1502,Row_1499,1
1503,Row_1500,1
1504,Row_1501,1
1505,Row_1502,1
1506,Row_1503,1
1507,Row_1504,1
1508,Row_1505,1
1509,Row_1506,1
1510,Row_1507,1
1511,Row_1508,1
1512,Row_1509,1
1513,Row_1510,1
1514,Row_1511,1
1515,Row_1512,1
1516,Row_1513,1
1517,Row_1514,1
1518,Row_1515,1
1519,Row_1516,1
1520,Row_1517,1
1521,Row_1518,1
1522,Row_1519,1
1523,Row_1520,1
1524,Row_1521,1
1525,Row_1522,1
1526,Row_1523,1
1527,Row_1524,1
1528,Row_1525,1
1529,Row_1526,2
1530,Row_1527,2
1531,Row_1528,1
1532,Row_1529,1
1533,Row_1530,1
1534,Row_1531,1
1535,Row_1532,1
1536,Row_1533,1
1537,Row_1534,1
1538,Row_1535,1
1539,Row_1536,1
1540,Row_1537,1
1541,Row_1538,1
1542,Row_1539,1
1543,Row_1540,1
1544,Row_1541,1
1545,Row_1542,1
1546,Row_1543,1
1547,Row_1544,1
1548,Row_1545,1
1549,Row_1546,1
1550,Row_1547,1
1551,Row_1548,1
1552,Row_1549,2
1553,Row_1550,2
1554,Row_1551,1
1555,Row_1552,1
1556,Row_1553,1
1557,Row_1554,1
1558,Row_1555,1
1559,Row_1556,1
1560,Row_1557,1
1561,Row_1558,1
1562,Row_1559,1
1563,Row_1560,1
1564,Row_1561,1
1565,Row_1562,1
1566,Row_1563,1
1567,Row_1564,1
1568,Row_1565,1
1569,Row_1566,1
1570,Row_1567,1
1571,Row_1568,1
1572,Row_1569,1
1573,Row_1570,1
1574,Row_1571,1
1575,Row_1572,1
1576,Row_1573,1
1577,Row_1574,1
1578,Row_1575,1
1579,Row_1576,1
1580,Row_1577,1
1581,Row_1578,1
1582,Row_1579,1
1583,Row_1580,1
1584,Row_1581,1
1585,Row_1582,1
1586,Row_1583,2
1587,Row_1934,2
1588,Row_1584,1
1589,Row_1585,1
1590,Row_1586,1
1591,Row_1587,1
1592,Row_1588,1
1593,Row_1589,1
1594,Row_1590,1
1595,Row_1591,1
1596,Row_1592,1
1597,Row_1593,1
1598,Row_1594,1
1599,Row_1595,1
1600,Row_1596,1
1601,Row_1597,1
1602,Row_1598,1
1603,Row_1599,1
1604,Row_1600,1
1605,Row_1601,1
1606,Row_1602,1
1607,Row_1603,1
1608,Row_1604,1
1609,Row_1605,1
1610,Row_1606,1
1611,Row_1607,1
1612,Row_1608,1
1613,Row_1609,1
1614,Row_1610,1
1615,Row_1611,1
1616,Row_1612,1
1617,Row_1613,1
1618,Row_1614,1
1619,Row_1615,1
1620,Row_1616,1
1621,Row_1617,1
1622,Row_1618,1
1623,Row_1619,1
1624,Row_1620,1
1625,Row_1621,1
1626,Row_1622,1
1627,Row_1623,1
1628,Row_1624,1
1629,Row_1625,1
1630,Row_1626,1
1631,Row_1627,1
1632,Row_1628,1
1633,Row_1629,1
1634,Row_1630,1
1635,Row_1631,1
1636,Row_1632,1
1637,Row_1633,1
1638,Row_1634,1
1639,Row_1635,1
1640,Row_1636,1
1641,Row_1637,1
1642,Row_1638,1
1643,Row_1640,1
1644,Row_1641,1
1645,Row_1642,1
1646,Row_1643,1
1647,Row_1644,1
1648,Row_1645,1
1649,Row_1646,1
1650,Row_1647,1
1651,Row_1648,1
1652,Row_1649,1
1653,Row_1650,1
1654,Row_1651,1
1655,Row_1652,1
1656,Row_1653,1
1657,Row_1654,1
1658,Row_1655,1
1659,Row_1656,1
1660,Row_1657,1
1661,Row_1658,1
1662,Row_1659,1
1663,Row_1660,1
1664,Row_1661,1
1665,Row_1662,1
1666,Row_1663,1
1667,Row_1664,1
1668,Row_1665,1
1669,Row_1666,1
1670,Row_1667,1
1671,Row_1668,1
1672,Row_1669,1
1673,Row_1670,1
1674,Row_1671,1
1675,Row_1672,1
1676,Row_1673,1
1677,Row_1674,1
1678,Row_1675,1
1679,Row_1676,1
1680,Row_1677,1
1681,Row_1678,1
1682,Row_1679,1
1683,Row_1680,1
1684,Row_1681,1
1685,Row_1683,1
1686,Row_1684,1
1687,Row_1685,1
1688,Row_1686,1
1689,Row_1687,1
1690,Row_1688,1
1691,Row_1689,1
1692,Row_1690,1
1693,Row_1691,1
1694,Row_1692,1
1695,Row_1693,1
1696,Row_1694,1
1697,Row_1695,2
1698,Row_1696,2
1699,Row_1697,1
1700,Row_1698,1
1701,Row_1699,1
1702,Row_1700,1
1703,Row_1701,1
1704,Row_1702,1
1705,Row_1703,1
1706,Row_1704,1
1707,Row_1705,1
1708,Row_1706,1
1709,Row_1707,1
1710,Row_1708,1
1711,Row_1709,1
1712,Row_1710,1
1713,Row_1711,1
1714,Row_1712,1
1715,Row_1713,1
1716,Row_1714,1
1717,Row_1715,1
1718,Row_1716,1
1719,Row_1717,1
1720,Row_1718,1
1721,Row_1719,1
1722,Row_1720,1
1723,Row_1721,1
1724,Row_1722,1
1725,Row_1723,1
1726,Row_1724,1
1727,Row_1725,1
1728,Row_1726,1
1729,Row_1727,1
1730,Row_1728,1
1731,Row_1729,2
1732,Row_2008,2
1733,Row_1730,1
1734,Row_1731,1
1735,Row_1732,1
1736,Row_1733,1
1737,Row_1734,1
1738,Row_1735,1
1739,Row_1736,1
1740,Row_1737,1
1741,Row_1738,1
1742,Row_1739,1
1743,Row_1740,1
1744,Row_1741,1
1745,Row_1742,1
1746,Row_1743,1
1747,Row_1744,1
1748,Row_1745,1
1749,Row_1746,1
1750,Row_1747,1
1751,Row_1748,1
1752,Row_1749,1
1753,Row_1750,1
1754,Row_1751,1
1755,Row_1752,1
1756,Row_1753,1
1757,Row_1754,1
1758,Row_1755,1
1759,Row_1756,1
1760,Row_1757,1
1761,Row_1758,1
1762,Row_1759,2
1763,Row_1760,2
1764,Row_1761,1
1765,Row_1762,1
1766,Row_1763,1
1767,Row_1764,1
1768,Row_1765,1
1769,Row_1766,1
1770,Row_1767,1
1771,Row_1768,1
1772,Row_1769,1
1773,Row_1770,1
1774,Row_1771,1
1775,Row_1772,1
1776,Row_1773,1
1777,Row_1774,1
1778,Row_1775,1
1779,Row_1776,1
1780,Row_1777,1
1781,Row_1778,1
1782,Row_1779,1
1783,Row_1780,1
1784,Row_1781,1
1785,Row_1782,1
1786,Row_1783,1
1787,Row_1784,1
1788,Row_1785,1
1789,Row_1786,1
1790,Row_1787,2
1791,Row_1788,2
1792,Row_1789,1
1793,Row_1790,1
1794,Row_1793,1
1795,Row_1794,1
1796,Row_1795,1
1797,Row_1796,1
1798,Row_1797,1
1799,Row_1798,1
1800,Row_1799,1
1801,Row_1800,1
1802,Row_1801,1
1803,Row_1802,1
1804,Row_1803,1
1805,Row_1804,1
1806,Row_1805,1
1807,Row_1806,1
1808,Row_1807,1
1809,Row_1808,1
1810,Row_1809,1
1811,Row_1810,1
1812,Row_1811,1
1813,Row_1812,1
1814,Row_1813,1
1815,Row_1814,1
1816,Row_1815,1
1817,Row_1816,1
1818,Row_1817,1
1819,Row_1818,1
1820,Row_1819,1
1821,Row_1820,1
1822,Row_1821,1
1823,Row_1822,1
1824,Row_1823,1
1825,Row_1824,1
1826,Row_1825,1
1827,Row_1826,1
1828,Row_1827,1
1829,Row_1828,1
1830,Row_1829,1
1831,Row_1830,1
1832,Row_1831,1
1833,Row_1832,1
1834,Row_1833,1
1835,Row_1834,1
1836,Row_1835,1
1837,Row_1836,1
1838,Row_1837,1
1839,Row_1838,1
1840,Row_1839,1
1841,Row_1840,1
1842,Row_1841,1
1843,Row_1842,1
1844,Row_1843,1
1845,Row_1844,1
1846,Row_1845,1
1847,Row_1846,1
1848,Row_1847,1
1849,Row_1848,1
1850,Row_1849,1
1851,Row_1850,1
1852,Row_1851,1
1853,Row_1852,1
1854,Row_1853,1
1855,Row_1854,1
1856,Row_1855,1
1857,Row_1856,1
1858,Row_1857,1
1859,Row_1858,1
1860,Row_1859,1
1861,Row_1860,1
1862,Row_1861,1
1863,Row_1862,1
1864,Row_1863,1
1865,Row_1864,1
1866,Row_1865,1
1867,Row_1866,1
1868,Row_1867,1
1869,Row_1868,1
1870,Row_1869,1
1871,Row_1870,1
1872,Row_1871,1
1873,Row_1872,1
1874,Row_1873,1
1875,Row_1874,1
1876,Row_1875,1
1877,Row_1876,1
1878,Row_1877,1
1879,Row_1878,1
1880,Row_1879,1
1881,Row_1880,1
1882,Row_1881,1
1883,Row_1882,1
1884,Row_1883,1
1885,Row_1884,1
1886,Row_1885,1
1887,Row_1886,1
1888,Row_1887,1
1889,Row_1888,2
1890,Row_1889,2
1891,Row_1890,1
1892,Row_1891,1
1893,Row_1892,1
1894,Row_1893,1
1895,Row_1894,1
1896,Row_1895,1
1897,Row_1896,1
1898,Row_1897,1
1899,Row_1898,1
1900,Row_1899,1
1901,Row_1900,1
1902,Row_1901,1
1903,Row_1902,1
1904,Row_1903,1
1905,Row_1904,1
1906,Row_1905,1
1907,Row_1906,1
1908,Row_1907,1
1909,Row_1908,1
1910,Row_1909,1
1911,Row_1910,1
1912,Row_1911,1
1913,Row_1912,1
1914,Row_1913,2
1915,Row_1914,2
1916,Row_1915,1
1917,Row_1916,1
1918,Row_1917,1
1919,Row_1918,1
1920,Row_1919,1
1921,Row_1920,1
1922,Row_1921,1
1923,Row_1922,1
1924,Row_1923,1
1925,Row_1924,1
1926,Row_1925,1
1927,Row_1926,1
1928,Row_1927,2
1929,Row_1928,2
1930,Row_1929,1
1931,Row_1930,1
1932,Row_1931,1
1933,Row_1932,1
1934,Row_1933,1
1935,Row_1935,1
1936,Row_1936,1
1937,Row_1937,1
1938,Row_1938,1
1939,Row_1939,1
1940,Row_1940,1
1941,Row_1941,1
1942,Row_1942,1
1943,Row_1943,1
1944,Row_1944,1
1945,Row_1945,1
1946,Row_1946,1
1947,Row_1947,1
1948,Row_1948,1
1949,Row_1949,1
1950,Row_1950,1
1951,Row_1951,1
1952,Row_1952,1
1953,Row_1953,1
1954,Row_1954,1
1955,Row_1955,1
1956,Row_1956,1
1957,Row_1957,1
1958,Row_1958,1
1959,Row_1959,1
1960,Row_1960,1
1961,Row_1961,1
1962,Row_1962,1
1963,Row_1963,1
1964,Row_1964,1
1965,Row_1965,1
1966,Row_1966,1
1967,Row_1967,1
1968,Row_1968,1
1969,Row_1969,1
1970,Row_1970,1
1971,Row_1971,1
1972,Row_1972,1
1973,Row_1973,1
1974,Row_1974,1
1975,Row_1975,1
1976,Row_1976,1
1977,Row_1977,1
1978,Row_1978,1
1979,Row_1979,1
1980,Row_1980,1
1981,Row_1981,1
1982,Row_1982,1
1983,Row_1983,1
1984,Row_1984,1
1985,Row_1985,1
1986,Row_1986,1
1987,Row_1987,1
1988,Row_1988,1
1989,Row_1989,1
1990,Row_1990,1
1991,Row_1991,1
1992,Row_1992,1
1993,Row_1993,1
1994,Row_1994,1
1995,Row_1995,1
1996,Row_1996,1
1997,Row_1997,1
1998,Row_1998,1
1999,Row_1999,1
2000,Row_2000,1
2001,Row_2001,1
2002,Row_2002,1
2003,Row_2003,1
2004,Row_2004,1
2005,Row_2005,1
2006,Row_2006,1
2007,Row_2007,1
2008,Row_2009,1
2009,Row_2010,1
2010,Row_2011,1
2011,Row_2012,1
2012,Row_2013,1
2013,Row_2014,1
2014,Row_2015,1
2015,Row_2016,1
2016,Row_2017,1
2017,Row_2018,1
2018,Row_2019,1
2019,Row_2020,1
2020,Row_2021,1
2021,Row_2022,1
2022,Row_2023,1
2023,Row_2024,1
2024,Row_2025,1
2025,Row_2026,1
2026,Row_2027,1
2027,Row_2028,1
2028,Row_2029,1
2029,Row_2030,1
2030,Row_2031,1
2031,Row_2032,1
2032,Row_2033,1
2033,Row_2034,1
2034,Row_2035,1
2035,Row_2036,1
2036,Row_2037,2
2037,Row_2038,2
2038,Row_2039,1
2039,Row_2040,4
2040,Row_2519,4
2041,Row_2520,4
2042,Row_2887,4
2043,Row_2041,2
2044,Row_2042,2
2045,Row_2043,1
2046,Row_2044,1
2047,Row_2045,1
2048,Row_2046,1
2049,Row_2047,1
2050,Row_2048,1
2051,Row_2049,1
2052,Row_2050,1
2053,Row_2051,1
2054,Row_2052,1
2055,Row_2053,1
2056,Row_2054,1
2057,Row_2055,1
2058,Row_2056,1
2059,Row_2057,4
2060,Row_2490,4
2061,Row_2491,4
2062,Row_2058,1
2063,Row_2059,1
2064,Row_2060,1
2065,Row_2061,1
2066,Row_2062,1
2067,Row_2063,1
2068,Row_2064,1
2069,Row_2065,1
2070,Row_2066,1
2071,Row_2067,1
2072,Row_2068,1
2073,Row_2069,1
2074,Row_2070,1
2075,Row_2071,1
2076,Row_2072,1
2077,Row_2073,1
2078,Row_2074,1
2079,Row_2075,1
2080,Row_2076,1
2081,Row_2077,1
2082,Row_2078,2
2083,Row_2079,2
2084,Row_2080,1
2085,Row_2081,1
2086,Row_2082,1
2087,Row_2083,1
2088,Row_2084,1
2089,Row_2085,1
2090,Row_2086,1
2091,Row_2087,1
2092,Row_2088,1
2093,Row_2089,1
2094,Row_2090,1
2095,Row_2091,1
2096,Row_2092,1
2097,Row_2093,1
2098,Row_2094,1
2099,Row_2095,1
2100,Row_2096,1
2101,Row_2097,1
2102,Row_2098,1
2103,Row_2099,1
2104,Row_2100,1
2105,Row_2101,1
2106,Row_2102,1
2107,Row_2103,1
2108,Row_2104,1
2109,Row_2105,1
2110,Row_2106,1
2111,Row_2107,1
2112,Row_2108,1
2113,Row_2109,1
2114,Row_2110,1
2115,Row_2111,1
2116,Row_2112,1
2117,Row_2113,1
2118,Row_2114,1
2119,Row_2115,1
2120,Row_2116,1
2121,Row_2117,1
2122,Row_2118,1
2123,Row_2119,1
2124,Row_2120,1
2125,Row_2121,1
2126,Row_2122,1
2127,Row_2123,1
2128,Row_2124,1
2129,Row_2125,1
2130,Row_2126,1
2131,Row_2127,1
2132,Row_2128,1
2133,Row_2129,1
2134,Row_2130,1
2135,Row_2131,1
2136,Row_2132,1
2137,Row_2133,1
2138,Row_2134,1
2139,Row_2135,1
2140,Row_2136,1
2141,Row_2137,1
2142,Row_2138,1
2143,Row_2139,1
2144,Row_2140,1
2145,Row_2141,1
2146,Row_2142,1
2147,Row_2143,1
2148,Row_2144,1
2149,Row_2145,1
2150,Row_2146,1
2151,Row_2147,1
2152,Row_2148,1
2153,Row_2149,1
2154,Row_2150,1
2155,Row_2151,1
2156,Row_2152,1
2157,Row_2153,1
2158,Row_2154,1
2159,Row_2155,1
2160,Row_2156,1
2161,Row_2157,1
2162,Row_2158,1
2163,Row_2159,1
2164,Row_2160,1
2165,Row_2161,1
2166,Row_2162,1
2167,Row_2163,1
2168,Row_2164,1
2169,Row_2165,1
2170,Row_2166,1
2171,Row_2167,1
2172,Row_2168,1
2173,Row_2169,1
2174,Row_2170,1
2175,Row_2171,1
2176,Row_2172,1
2177,Row_2173,1
2178,Row_2174,1
2179,Row_2175,1
2180,Row_2176,1
2181,Row_2177,1
2182,Row_2178,1
2183,Row_2179,2
2184,Row_2180,2
2185,Row_2181,1
2186,Row_2182,1
2187,Row_2183,1
2188,Row_2184,1
2189,Row_2185,1
2190,Row_2186,1
2191,Row_2187,1
2192,Row_2188,1
2193,Row_2189,1
2194,Row_2190,1
2195,Row_2191,1
2196,Row_2192,1
2197,Row_2193,1
2198,Row_2194,1
2199,Row_2195,1
2200,Row_2196,1
2201,Row_2197,1
2202,Row_2198,1
2203,Row_2199,1
2204,Row_2200,1
2205,Row_2201,1
2206,Row_2202,1
2207,Row_2203,1
2208,Row_2204,1
2209,Row_2205,1
2210,Row_2206,1
2211,Row_2207,1
2212,Row_2208,1
2213,Row_2209,1
2214,Row_2210,1
2215,Row_2211,1
2216,Row_2212,1
2217,Row_2213,1
2218,Row_2214,1
2219,Row_2215,1
2220,Row_2216,1
2221,Row_2217,1
2222,Row_2218,1
2223,Row_2219,1
2224,Row_2220,1
2225,Row_2221,1
2226,Row_2222,1
2227,Row_2223,1
2228,Row_2224,1
2229,Row_2225,1
2230,Row_2226,1
2231,Row_2227,1
2232,Row_2228,1
2233,Row_2229,1
2234,Row_2230,1
2235,Row_2231,2
2236,Row_2232,2
2237,Row_2233,1
2238,Row_2234,1
2239,Row_2235,1
2240,Row_2236,1
2241,Row_2237,1
2242,Row_2238,1
2243,Row_2239,1
2244,Row_2240,1
2245,Row_2241,1
2246,Row_2242,1
2247,Row_2243,1
2248,Row_2244,1
2249,Row_2245,1
2250,Row_2246,1
2251,Row_2247,1
2252,Row_2248,1
2253,Row_2249,1
2254,Row_2250,1
2255,Row_2251,1
2256,Row_2252,1
2257,Row_2253,1
2258,Row_2254,1
2259,Row_2255,1
2260,Row_2256,1
2261,Row_2257,1
2262,Row_2258,1
2263,Row_2259,1
2264,Row_2260,1
2265,Row_2261,1
2266,Row_2262,1
2267,Row_2263,1
2268,Row_2264,1
2269,Row_2265,1
2270,Row_2266,1
2271,Row_2267,1
2272,Row_2268,1
2273,Row_2269,1
2274,Row_2270,1
2275,Row_2271,1
2276,Row_2272,1
2277,Row_2273,1
2278,Row_2274,1
2279,Row_2275,1
2280,Row_2276,1
2281,Row_2277,1
2282,Row_2278,1
2283,Row_2279,1
2284,Row_2280,1
2285,Row_2281,1
2286,Row_2282,1
2287,Row_2283,1
2288,Row_2284,1
2289,Row_2285,1
2290,Row_2286,1
2291,Row_2287,1
2292,Row_2288,1
2293,Row_2289,1
2294,Row_2290,1
2295,Row_2291,1
2296,Row_2292,1
2297,Row_2293,1
2298,Row_2294,1
2299,Row_2295,1
2300,Row_2296,1
2301,Row_2297,1
2302,Row_2298,1
2303,Row_2299,1
2304,Row_2300,1
2305,Row_2301,1
2306,Row_2302,4
2307,Row_2721,4
2308,Row_2722,4
2309,Row_2303,1
2310,Row_2304,1
2311,Row_2305,1
2312,Row_2306,1
2313,Row_2307,1
2314,Row_2308,1
2315,Row_2309,1
2316,Row_2310,1
2317,Row_2311,1
2318,Row_2312,1
2319,Row_2313,1
2320,Row_2314,1
2321,Row_2315,1
2322,Row_2316,1
2323,Row_2317,1
2324,Row_2318,1
2325,Row_2319,1
2326,Row_2320,1
2327,Row_2321,1
2328,Row_2322,1
2329,Row_2323,1
2330,Row_2324,1
2331,Row_2325,1
2332,Row_2326,1
2333,Row_2327,1
2334,Row_2328,1
2335,Row_2329,1
2336,Row_2330,1
2337,Row_2331,1
2338,Row_2332,1
2339,Row_2333,1
2340,Row_2334,1
2341,Row_2335,1
2342,Row_2336,1
2343,Row_2337,1
2344,Row_2338,1
2345,Row_2339,1
2346,Row_2340,1
2347,Row_2341,1
2348,Row_2342,1
2349,Row_2343,2
2350,Row_2828,2
2351,Row_2344,1
2352,Row_2345,1
2353,Row_2346,1
2354,Row_2347,1
2355,Row_2348,1
2356,Row_2349,1
2357,Row_2350,1
2358,Row_2351,1
2359,Row_2352,1
2360,Row_2353,1
2361,Row_2354,1
2362,Row_2355,1
2363,Row_2356,1
2364,Row_2357,1
2365,Row_2358,1
2366,Row_2359,1
2367,Row_2360,1
2368,Row_2361,1
2369,Row_2362,1
2370,Row_2363,1
2371,Row_2364,1
2372,Row_2365,1
2373,Row_2366,1
2374,Row_2367,1
2375,Row_2368,1
2376,Row_2369,1
2377,Row_2370,1
2378,Row_2371,1
2379,Row_2372,1
2380,Row_2373,1
2381,Row_2374,1
2382,Row_2375,2
2383,Row_2634,2
2384,Row_2376,1
2385,Row_2377,1
2386,Row_2378,1
2387,Row_2379,1
2388,Row_2380,1
2389,Row_2381,1
2390,Row_2382,1
2391,Row_2383,1
2392,Row_2384,1
2393,Row_2385,1
2394,Row_2386,1
2395,Row_2387,1
2396,Row_2388,1
2397,Row_2389,1
2398,Row_2390,1
2399,Row_2391,1
2400,Row_2392,1
2401,Row_2393,1
2402,Row_2394,1
2403,Row_2395,1
2404,Row_2396,1
2405,Row_2397,1
2406,Row_2398,1
2407,Row_2399,1
2408,Row_2400,1
2409,Row_2401,2
2410,Row_2402,2
2411,Row_2403,1
2412,Row_2404,1
2413,Row_2405,1
2414,Row_2406,1
2415,Row_2407,1
2416,Row_2408,1
2417,Row_2409,1
2418,Row_2410,2
2419,Row_2411,2
2420,Row_2412,1
2421,Row_2413,1
2422,Row_2414,1
2423,Row_2415,1
2424,Row_2416,1
2425,Row_2417,1
2426,Row_2418,1
2427,Row_2419,1
2428,Row_2420,1
2429,Row_2421,1
2430,Row_2422,1
2431,Row_2423,1
2432,Row_2424,1
2433,Row_2425,1
2434,Row_2426,1
2435,Row_2427,1
2436,Row_2428,1
2437,Row_2429,1
2438,Row_2430,1
2439,Row_2431,1
2440,Row_2432,1
2441,Row_2433,1
2442,Row_2434,1
2443,Row_2435,1
2444,Row_2436,1
2445,Row_2437,1
2446,Row_2438,1
2447,Row_2439,1
2448,Row_2440,1
2449,Row_2441,1
2450,Row_2442,1
2451,Row_2443,1
2452,Row_2444,1
2453,Row_2445,2
2454,Row_2739,2
2455,Row_2446,1
2456,Row_2447,1
2457,Row_2448,1
2458,Row_2449,1
2459,Row_2450,1
2460,Row_2451,1
2461,Row_2452,1
2462,Row_2453,1
2463,Row_2454,1
2464,Row_2455,1
2465,Row_2456,1
2466,Row_2457,1
2467,Row_2458,1
2468,Row_2459,1
2469,Row_2460,1
2470,Row_2461,1
2471,Row_2462,1
2472,Row_2463,1
2473,Row_2464,1
2474,Row_2465,1
2475,Row_2466,1
2476,Row_2467,1
2477,Row_2468,1
2478,Row_2469,1
2479,Row_2470,1
2480,Row_2471,1
2481,Row_2472,1
2482,Row_2473,1
2483,Row_2474,1
2484,Row_2475,1
2485,Row_2476,1
2486,Row_2477,1
2487,Row_2478,1
2488,Row_2479,1
2489,Row_2480,1
2490,Row_2481,1
2491,Row_2482,1
2492,Row_2483,1
2493,Row_2484,1
2494,Row_2485,1
2495,Row_2486,1
2496,Row_2487,1
2497,Row_2488,1
2498,Row_2489,1
2499,Row_2492,1
2500,Row_2493,1
2501,Row_2494,1
2502,Row_2495,1
2503,Row_2496,1
2504,Row_2497,1
2505,Row_2498,1
2506,Row_2499,1
2507,Row_2500,1
2508,Row_2501,1
2509,Row_2502,1
2510,Row_2503,1
2511,Row_2504,1
2512,Row_2505,1
2513,Row_2506,1
2514,Row_2507,1
2515,Row_2508,1
2516,Row_2509,1
2517,Row_2510,1
2518,Row_2511,1
2519,Row_2512,1
2520,Row_2513,1
2521,Row_2514,1
2522,Row_2515,1
2523,Row_2516,1
2524,Row_2517,1
2525,Row_2518,1
2526,Row_2521,1
2527,Row_2522,1
2528,Row_2523,1
2529,Row_2524,1
2530,Row_2525,1
2531,Row_2526,1
2532,Row_2527,1
2533,Row_2528,1
2534,Row_2529,1
2535,Row_2530,1
2536,Row_2531,1
2537,Row_2532,1
2538,Row_2533,1
2539,Row_2534,1
2540,Row_2535,1
2541,Row_2536,1
2542,Row_2537,1
2543,Row_2538,1
2544,Row_2539,1
2545,Row_2540,1
2546,Row_2541,1
2547,Row_2542,1
2548,Row_2543,1
2549,Row_2544,1
2550,Row_2545,1
2551,Row_2546,1
2552,Row_2547,1
2553,Row_2548,1
2554,Row_2549,1
2555,Row_2550,1
2556,Row_2551,1
2557,Row_2552,1
2558,Row_2553,1
2559,Row_2554,1
2560,Row_2555,1
2561,Row_2556,1
2562,Row_2557,1
2563,Row_2558,1
2564,Row_2559,1
2565,Row_2560,1
2566,Row_2561,1
2567,Row_2562,1
2568,Row_2563,1
2569,Row_2564,1
2570,Row_2565,1
2571,Row_2566,1
2572,Row_2567,1
2573,Row_2568,1
2574,Row_2569,1
2575,Row_2570,1
2576,Row_2571,1
2577,Row_2572,1
2578,Row_2573,1
2579,Row_2574,4
2580,Row_2883,4
2581,Row_2884,4
2582,Row_2885,4
2583,Row_2575,1
2584,Row_2576,1
2585,Row_2577,1
2586,Row_2578,1
2587,Row_2579,1
2588,Row_2580,1
2589,Row_2581,1
2590,Row_2582,1
2591,Row_2583,1
2592,Row_2584,1
2593,Row_2585,1
2594,Row_2586,1
2595,Row_2587,1
2596,Row_2588,1
2597,Row_2589,1
2598,Row_2590,1
2599,Row_2591,1
2600,Row_2592,1
2601,Row_2593,1
2602,Row_2594,1
2603,Row_2595,2
2604,Row_2596,2
2605,Row_2597,1
2606,Row_2598,1
2607,Row_2599,1
2608,Row_2600,1
2609,Row_2601,1
2610,Row_2602,1
2611,Row_2603,1
2612,Row_2604,1
2613,Row_2605,1
2614,Row_2606,1
2615,Row_2607,1
2616,Row_2608,1
2617,Row_2609,1
2618,Row_2610,1
2619,Row_2611,1
2620,Row_2612,1
2621,Row_2613,1
2622,Row_2614,1
2623,Row_2615,1
2624,Row_2616,1
2625,Row_2617,1
2626,Row_2618,1
2627,Row_2619,1
2628,Row_2620,1
2629,Row_2621,1
2630,Row_2622,1
2631,Row_2623,1
2632,Row_2624,2
2633,Row_2625,2
2634,Row_2626,1
2635,Row_2627,1
2636,Row_2628,1
2637,Row_2629,1
2638,Row_2630,1
2639,Row_2631,1
2640,Row_2632,1
2641,Row_2633,1
2642,Row_2635,1
2643,Row_2636,1
2644,Row_2637,1
2645,Row_2638,1
2646,Row_2639,1
2647,Row_2640,1
2648,Row_2641,1
2649,Row_2642,1
2650,Row_2643,1
2651,Row_2644,1
2652,Row_2645,1
2653,Row_2646,1
2654,Row_2647,1
2655,Row_2648,1
2656,Row_2649,1
2657,Row_2650,1
2658,Row_2651,1
2659,Row_2652,1
2660,Row_2653,1
2661,Row_2654,1
2662,Row_2655,2
2663,Row_2656,2
2664,Row_2657,1
2665,Row_2658,1
2666,Row_2659,1
2667,Row_2660,1
2668,Row_2661,1
2669,Row_2662,1
2670,Row_2663,1
2671,Row_2664,1
2672,Row_2665,1
2673,Row_2666,1
2674,Row_2667,1
2675,Row_2668,1
2676,Row_2669,1
2677,Row_2670,1
2678,Row_2671,1
2679,Row_2672,1
2680,Row_2673,1
2681,Row_2674,1
2682,Row_2675,1
2683,Row_2676,1
2684,Row_2677,1
2685,Row_2678,1
2686,Row_2679,1
2687,Row_2680,1
2688,Row_2681,1
2689,Row_2682,1
2690,Row_2683,1
2691,Row_2684,1
2692,Row_2685,1
2693,Row_2686,1
2694,Row_2687,1
2695,Row_2688,1
2696,Row_2689,1
2697,Row_2690,1
2698,Row_2691,1
2699,Row_2692,1
2700,Row_2693,1
2701,Row_2694,1
2702,Row_2695,1
2703,Row_2696,1
2704,Row_2697,1
2705,Row_2698,1
2706,Row_2699,1
2707,Row_2700,1
2708,Row_2701,1
2709,Row_2702,1
2710,Row_2703,1
2711,Row_2704,2
2712,Row_2928,2
2713,Row_2705,1
2714,Row_2706,1
2715,Row_2707,1
2716,Row_2708,1
2717,Row_2709,1
2718,Row_2710,1
2719,Row_2711,1
2720,Row_2712,1
2721,Row_2713,1
2722,Row_2714,1
2723,Row_2715,2
2724,Row_2983,2
2725,Row_2716,1
2726,Row_2717,1
2727,Row_2718,1
2728,Row_2719,1
2729,Row_2720,1
2730,Row_2723,1
2731,Row_2724,1
2732,Row_2725,1
2733,Row_2726,1
2734,Row_2727,1
2735,Row_2728,1
2736,Row_2729,1
2737,Row_2730,1
2738,Row_2731,1
2739,Row_2732,1
2740,Row_2733,1
2741,Row_2734,1
2742,Row_2735,1
2743,Row_2736,1
2744,Row_2737,1
2745,Row_2738,1
2746,Row_2740,1
2747,Row_2741,1
2748,Row_2742,1
2749,Row_2743,1
2750,Row_2744,1
2751,Row_2745,1
2752,Row_2746,1
2753,Row_2747,4
2754,Row_2748,4
2755,Row_2749,4
2756,Row_2999,4
2757,Row_2750,1
2758,Row_2751,1
2759,Row_2752,1
2760,Row_2753,1
2761,Row_2754,1
2762,Row_2755,1
2763,Row_2756,1
2764,Row_2757,1
2765,Row_2758,1
2766,Row_2759,1
2767,Row_2760,1
2768,Row_2761,1
2769,Row_2762,1
2770,Row_2763,1
2771,Row_2764,1
2772,Row_2765,1
2773,Row_2766,1
2774,Row_2767,1
2775,Row_2768,1
2776,Row_2769,1
2777,Row_2770,1
2778,Row_2771,1
2779,Row_2772,1
2780,Row_2773,1
2781,Row_2774,1
2782,Row_2775,1
2783,Row_2776,1
2784,Row_2777,1
2785,Row_2778,1
2786,Row_2779,1
2787,Row_2780,1
2788,Row_2781,1
2789,Row_2782,1
2790,Row_2783,1
2791,Row_2784,1
2792,Row_2785,1
2793,Row_2786,1
2794,Row_2787,1
2795,Row_2788,1
2796,Row_2789,1
2797,Row_2790,1
2798,Row_2791,1
2799,Row_2792,1
2800,Row_2793,1
2801,Row_2794,1
2802,Row_2795,1
2803,Row_2796,1
2804,Row_2797,1
2805,Row_2798,1
2806,Row_2799,1
2807,Row_2800,1
2808,Row_2801,1
2809,Row_2802,1
2810,Row_2803,1
2811,Row_2804,1
2812,Row_2805,1
2813,Row_2806,1
2814,Row_2807,1
2815,Row_2808,1
2816,Row_2809,1
2817,Row_2810,1
2818,Row_2811,1
2819,Row_2812,1
2820,Row_2813,1
2821,Row_2814,1
2822,Row_2815,1
2823,Row_2816,1
2824,Row_2817,1
2825,Row_2818,1
2826,Row_2819,1
2827,Row_2820,1
2828,Row_2821,1
2829,Row_2822,1
2830,Row_2823,1
2831,Row_2824,1
2832,Row_2825,1
2833,Row_2826,1
2834,Row_2827,1
2835,Row_2829,1
2836,Row_2830,1
2837,Row_2831,1
2838,Row_2832,1
2839,Row_2833,1
2840,Row_2834,1
2841,Row_2835,1
2842,Row_2836,1
2843,Row_2837,1
2844,Row_2838,1
2845,Row_2839,1
2846,Row_2840,1
2847,Row_2841,1
2848,Row_2842,1
2849,Row_2843,1
2850,Row_2844,1
2851,Row_2845,1
2852,Row_2846,1
2853,Row_2847,1
2854,Row_2848,1
2855,Row_2849,1
2856,Row_2850,1
2857,Row_2851,1
2858,Row_2852,1
2859,Row_2853,1
2860,Row_2854,1
2861,Row_2855,1
2862,Row_2856,1
2863,Row_2857,1
2864,Row_2858,1
2865,Row_2859,1
2866,Row_2860,1
2867,Row_2861,1
2868,Row_2862,1
2869,Row_2863,1
2870,Row_2864,1
2871,Row_2865,1
2872,Row_2866,1
2873,Row_2867,1
2874,Row_2868,1
2875,Row_2869,1
2876,Row_2870,1
2877,Row_2871,1
2878,Row_2872,1
2879,Row_2873,1
2880,Row_2874,1
2881,Row_2875,1
2882,Row_2876,1
2883,Row_2877,1
2884,Row_2878,1
2885,Row_2879,1
2886,Row_2880,1
2887,Row_2881,1
2888,Row_2882,1
2889,Row_2886,1
2890,Row_2888,1
2891,Row_2889,1
2892,Row_2890,1
2893,Row_2891,1
2894,Row_2892,1
2895,Row_2893,1
2896,Row_2894,1
2897,Row_2895,1
2898,Row_2896,1
2899,Row_2897,2
2900,Row_2898,2
2901,Row_2899,1
2902,Row_2900,1
2903,Row_2901,1
2904,Row_2902,1
2905,Row_2903,1
2906,Row_2904,1
2907,Row_2905,1
2908,Row_2906,1
2909,Row_2907,1
2910,Row_2908,1
2911,Row_2909,1
2912,Row_2910,1
2913,Row_2911,1
2914,Row_2912,1
2915,Row_2913,1
2916,Row_2914,1
2917,Row_2915,1
2918,Row_2916,1
2919,Row_2917,1
2920,Row_2918,1
2921,Row_2919,1
2922,Row_2920,1
2923,Row_2921,1
2924,Row_2922,1
2925,Row_2923,1
2926,Row_2924,1
2927,Row_2925,1
2928,Row_2926,1
2929,Row_2927,1
2930,Row_2929,1
2931,Row_2930,1
2932,Row_2931,1
2933,Row_2932,1
2934,Row_2933,1
2935,Row_2934,1
2936,Row_2935,1
2937,Row_2936,1
2938,Row_2937,1
2939,Row_2938,1
2940,Row_2939,1
2941,Row_2940,1
2942,Row_2941,1
2943,Row_2942,1
2944,Row_2943,1
2945,Row_2944,1
2946,Row_2945,1
2947,Row_2946,1
2948,Row_2947,1
2949,Row_2948,1
2950,Row_2949,1
2951,Row_2950,1
2952,Row_2951,1
2953,Row_2952,1
2954,Row_2953,1
2955,Row_2954,1
2956,Row_2955,2
2957,Row_3336,2
2958,Row_2956,1
2959,Row_2957,1
2960,Row_2958,1
2961,Row_2959,1
2962,Row_2960,1
2963,Row_2961,1
2964,Row_2962,1
2965,Row_2963,1
2966,Row_2964,1
2967,Row_2965,1
2968,Row_2966,1
2969,Row_2967,1
2970,Row_2968,1
2971,Row_2969,1
2972,Row_2970,1
2973,Row_2971,1
2974,Row_2972,1
2975,Row_2973,1
2976,Row_2974,1
2977,Row_2975,1
2978,Row_2976,1
2979,Row_2977,1
2980,Row_2978,1
2981,Row_2979,1
2982,Row_2980,1
2983,Row_2981,1
2984,Row_2982,1
2985,Row_2984,1
2986,Row_2985,1
2987,Row_2986,1
2988,Row_2987,1
2989,Row_2988,1
2990,Row_2989,1
2991,Row_2990,1
2992,Row_2991,1
2993,Row_2992,1
2994,Row_2993,1
2995,Row_2994,1
2996,Row_2995,1
2997,Row_2996,1
2998,Row_2997,1
2999,Row_2998,1
3000,Row_3000,1
3001,Row_3001,1
3002,Row_3002,1
3003,Row_3003,1
3004,Row_3004,1
3005,Row_3005,1
3006,Row_3006,1
3007,Row_3007,1
3008,Row_3008,1
3009,Row_3009,1
3010,Row_3010,1
3011,Row_3011,1
3012,Row_3012,1
3013,Row_3013,1
3014,Row_3014,1
3015,Row_3015,1
3016,Row_3016,1
3017,Row_3017,1
3018,Row_3018,1
3019,Row_3019,1
3020,Row_3020,1
3021,Row_3021,1
3022,Row_3022,1
3023,Row_3023,1
3024,Row_3024,1
3025,Row_3025,1
3026,Row_3026,1
3027,Row_3027,1
3028,Row_3028,1
3029,Row_3029,1
3030,Row_3030,1
3031,Row_3031,1
3032,Row_3032,1
3033,Row_3033,1
3034,Row_3034,1
3035,Row_3035,1
3036,Row_3036,1
3037,Row_3037,1
3038,Row_3038,1
3039,Row_3039,1
3040,Row_3040,1
3041,Row_3041,1
3042,Row_3042,1
3043,Row_3043,1
3044,Row_3044,1
3045,Row_3045,1
3046,Row_3046,1
3047,Row_3047,1
3048,Row_3048,1
3049,Row_3049,1
3050,Row_3050,1
3051,Row_3051,1
3052,Row_3052,1
3053,Row_3053,1
3054,Row_3054,1
3055,Row_3055,1
3056,Row_3056,1
3057,Row_3057,1
3058,Row_3058,1
3059,Row_3059,1
3060,Row_3060,1
3061,Row_3061,2
3062,Row_3062,2
3063,Row_3063,1
3064,Row_3064,2
3065,Row_3065,2
3066,Row_3066,1
3067,Row_3067,4
3068,Row_3068,4
3069,Row_3293,4
3070,Row_3069,1
3071,Row_3070,1
3072,Row_3071,1
3073,Row_3072,1
3074,Row_3073,1
3075,Row_3074,1
3076,Row_3075,1
3077,Row_3076,1
3078,Row_3077,1
3079,Row_3078,1
3080,Row_3079,1
3081,Row_3080,1
3082,Row_3081,1
3083,Row_3082,1
3084,Row_3083,1
3085,Row_3084,1
3086,Row_3085,1
3087,Row_3086,1
3088,Row_3087,1
3089,Row_3088,1
3090,Row_3089,1
3091,Row_3090,1
3092,Row_3091,1
3093,Row_3092,1
3094,Row_3093,1
3095,Row_3094,1
3096,Row_3095,1
3097,Row_3096,1
3098,Row_3097,2
3099,Row_3098,2
3100,Row_3099,1
3101,Row_3100,1
3102,Row_3101,1
3103,Row_3102,1
3104,Row_3103,1
3105,Row_3104,1
3106,Row_3105,1
3107,Row_3106,1
3108,Row_3107,1
3109,Row_3108,1
3110,Row_3109,1
3111,Row_3110,1
3112,Row_3111,1
3113,Row_3112,1
3114,Row_3113,1
3115,Row_3114,1
3116,Row_3115,1
3117,Row_3116,1
3118,Row_3117,1
3119,Row_3118,1
3120,Row_3119,1
3121,Row_3120,1
3122,Row_3121,1
3123,Row_3122,1
3124,Row_3123,1
3125,Row_3124,1
3126,Row_3125,1
3127,Row_3126,1
3128,Row_3127,1
3129,Row_3128,1
3130,Row_3129,1
3131,Row_3130,1
3132,Row_3131,1
3133,Row_3132,1
3134,Row_3133,1
3135,Row_3134,1
3136,Row_3135,1
3137,Row_3136,1
3138,Row_3137,1
3139,Row_3138,1
3140,Row_3139,1
3141,Row_3140,1
3142,Row_3141,1
3143,Row_3142,1
3144,Row_3143,1
3145,Row_3144,1
3146,Row_3145,1
3147,Row_3146,1
3148,Row_3147,1
3149,Row_3148,1
3150,Row_3149,1
3151,Row_3150,1
3152,Row_3151,1
3153,Row_3152,1
3154,Row_3153,1
3155,Row_3154,1
3156,Row_3155,1
3157,Row_3156,1
3158,Row_3157,1
3159,Row_3158,1
3160,Row_3159,1
3161,Row_3160,1
3162,Row_3161,1
3163,Row_3162,1
3164,Row_3163,1
3165,Row_3164,1
3166,Row_3165,1
3167,Row_3166,1
3168,Row_3167,1
3169,Row_3168,1
3170,Row_3169,1
3171,Row_3170,1
3172,Row_3171,1
3173,Row_3172,1
3174,Row_3173,1
3175,Row_3174,1
3176,Row_3175,1
3177,Row_3176,1
3178,Row_3177,1
3179,Row_3178,1
3180,Row_3179,1
3181,Row_3180,1
3182,Row_3181,2
3183,Row_3182,2
3184,Row_3183,1
3185,Row_3184,1
3186,Row_3185,1
3187,Row_3186,1
3188,Row_3187,1
3189,Row_3188,1
3190,Row_3189,1
3191,Row_3190,1
3192,Row_3191,1
3193,Row_3192,1
3194,Row_3193,1
3195,Row_3194,1
3196,Row_3195,1
3197,Row_3196,1
3198,Row_3197,1
3199,Row_3198,1
3200,Row_3199,1
3201,Row_3200,1
3202,Row_3201,1
3203,Row_3202,1
3204,Row_3203,1
3205,Row_3204,1
3206,Row_3205,1
3207,Row_3206,1
3208,Row_3207,1
3209,Row_3208,1
3210,Row_3209,1
3211,Row_3210,1
3212,Row_3211,1
3213,Row_3212,1
3214,Row_3213,1
3215,Row_3214,1
3216,Row_3215,1
3217,Row_3216,1
3218,Row_3217,2
3219,Row_3377,2
3220,Row_3218,1
3221,Row_3219,1
3222,Row_3220,1
3223,Row_3221,1
3224,Row_3222,1
3225,Row_3223,1
3226,Row_3224,1
3227,Row_3225,1
3228,Row_3226,1
3229,Row_3227,1
3230,Row_3228,1
3231,Row_3229,1
3232,Row_3230,1
3233,Row_3231,1
3234,Row_3232,1
3235,Row_3233,1
3236,Row_3234,1
3237,Row_3235,1
3238,Row_3236,1
3239,Row_3237,1
3240,Row_3238,1
3241,Row_3239,1
3242,Row_3240,1
3243,Row_3241,1
3244,Row_3242,1
3245,Row_3243,1
3246,Row_3244,1
3247,Row_3245,1
3248,Row_3246,1
3249,Row_3247,1
3250,Row_3248,1
3251,Row_3249,1
3252,Row_3250,1
3253,Row_3251,1
3254,Row_3252,1
3255,Row_3253,1
3256,Row_3254,1
3257,Row_3255,1
3258,Row_3256,1
3259,Row_3257,1
3260,Row_3258,1
3261,Row_3259,1
3262,Row_3260,1
3263,Row_3261,1
3264,Row_3262,1
3265,Row_3263,1
3266,Row_3264,1
3267,Row_3265,1
3268,Row_3266,1
3269,Row_3267,1
3270,Row_3268,1
3271,Row_3269,1
3272,Row_3270,1
3273,Row_3271,1
3274,Row_3272,1
3275,Row_3273,1
3276,Row_3274,1
3277,Row_3275,1
3278,Row_3276,1
3279,Row_3277,1
3280,Row_3278,1
3281,Row_3279,1
3282,Row_3280,1
3283,Row_3281,1
3284,Row_3282,1
3285,Row_3283,1
3286,Row_3284,1
3287,Row_3285,1
3288,Row_3286,1
3289,Row_3287,1
3290,Row_3288,1
3291,Row_3289,1
3292,Row_3290,1
3293,Row_3291,1
3294,Row_3292,1
3295,Row_3294,1
3296,Row_3295,1
3297,Row_3296,1
3298,Row_3297,1
3299,Row_3298,1
3300,Row_3299,1
3301,Row_3300,1
3302,Row_3301,1
3303,Row_3302,1
3304,Row_3303,1
3305,Row_3304,1
3306,Row_3305,1
3307,Row_3306,1
3308,Row_3307,1
3309,Row_3308,1
3310,Row_3309,1
3311,Row_3310,1
3312,Row_3311,1
3313,Row_3312,1
3314,Row_3313,1
3315,Row_3314,1
3316,Row_3315,1
3317,Row_3316,1
3318,Row_3317,1
3319,Row_3318,1
3320,Row_3319,1
3321,Row_3320,1
3322,Row_3321,1
3323,Row_3322,1
3324,Row_3323,1
3325,Row_3324,1
3326,Row_3325,1
3327,Row_3326,8
3328,Row_3327,8
3329,Row_3441,8
3330,Row_3442,8
3331,Row_3470,8
3332,Row_3471,8
3333,Row_3500,8
3334,Row_3501,8
3335,Row_3328,1
3336,Row_3329,1
3337,Row_3330,1
3338,Row_3331,2
3339,Row_3424,2
3340,Row_3332,1
3341,Row_3333,1
3342,Row_3334,1
3343,Row_3335,1
3344,Row_3337,1
3345,Row_3338,1
3346,Row_3339,1
3347,Row_3340,1
3348,Row_3341,1
3349,Row_3342,1
3350,Row_3343,1
3351,Row_3344,1
3352,Row_3345,1
3353,Row_3346,1
3354,Row_3347,1
3355,Row_3348,1
3356,Row_3349,1
3357,Row_3350,1
3358,Row_3351,1
3359,Row_3352,1
3360,Row_3353,1
3361,Row_3354,1
3362,Row_3355,1
3363,Row_3356,1
3364,Row_3357,1
3365,Row_3358,1
3366,Row_3359,1
3367,Row_3360,1
3368,Row_3361,1
3369,Row_3362,1
3370,Row_3363,1
3371,Row_3364,1
3372,Row_3365,1
3373,Row_3366,1
3374,Row_3367,1
3375,Row_3368,1
3376,Row_3369,1
3377,Row_3370,1
3378,Row_3371,1
3379,Row_3372,1
3380,Row_3373,1
3381,Row_3374,1
3382,Row_3375,1
3383,Row_3376,1
3384,Row_3378,1
3385,Row_3379,1
3386,Row_3380,1
3387,Row_3381,1
3388,Row_3382,1
3389,Row_3383,1
3390,Row_3384,1
3391,Row_3385,1
3392,Row_3386,1
3393,Row_3387,1
3394,Row_3388,1
3395,Row_3389,1
3396,Row_3390,1
3397,Row_3391,1
3398,Row_3392,1
3399,Row_3393,1
3400,Row_3394,1
3401,Row_3395,1
3402,Row_3396,1
3403,Row_3397,1
3404,Row_3398,1
3405,Row_3399,1
3406,Row_3400,1
3407,Row_3401,1
3408,Row_3402,1
3409,Row_3403,1
3410,Row_3404,1
3411,Row_3405,1
3412,Row_3406,1
3413,Row_3407,1
3414,Row_3408,1
3415,Row_3409,1
3416,Row_3410,1
3417,Row_3411,1
3418,Row_3412,1
3419,Row_3413,1
3420,Row_3414,1
3421,Row_3415,1
3422,Row_3416,1
3423,Row_3417,1
3424,Row_3418,1
3425,Row_3419,1
3426,Row_3420,1
3427,Row_3421,1
3428,Row_3422,1
3429,Row_3423,1
3430,Row_3425,1
3431,Row_3426,1
3432,Row_3427,1
3433,Row_3428,1
3434,Row_3429,1
3435,Row_3430,1
3436,Row_3431,1
3437,Row_3432,1
3438,Row_3433,1
3439,Row_3434,1
3440,Row_3435,1
3441,Row_3436,1
3442,Row_3437,1
3443,Row_3438,1
3444,Row_3439,1
3445,Row_3440,1
3446,Row_3443,1
3447,Row_3444,1
3448,Row_3445,1
3449,Row_3446,1
3450,Row_3447,1
3451,Row_3448,1
3452,Row_3449,1
3453,Row_3450,1
3454,Row_3451,1
3455,Row_3452,1
3456,Row_3453,1
3457,Row_3454,1
3458,Row_3455,1
3459,Row_3456,1
3460,Row_3457,1
3461,Row_3458,1
3462,Row_3459,1
3463,Row_3460,1
3464,Row_3461,1
3465,Row_3462,1
3466,Row_3463,1
3467,Row_3464,1
3468,Row_3465,1
3469,Row_3466,1
3470,Row_3467,1
3471,Row_3468,1
3472,Row_3469,1
3473,Row_3472,1
3474,Row_3473,1
3475,Row_3474,1
3476,Row_3475,1
3477,Row_3476,1
3478,Row_3477,1
3479,Row_3478,1
3480,Row_3479,1
3481,Row_3480,1
3482,Row_3481,1
3483,Row_3482,1
3484,Row_3483,1
3485,Row_3484,1
3486,Row_3485,1
3487,Row_3486,1
3488,Row_3487,1
3489,Row_3488,1
3490,Row_3489,1
3491,Row_3490,1
3492,Row_3491,2
3493,Row_3492,2
3494,Row_3493,1
3495,Row_3494,1
3496,Row_3495,1
3497,Row_3496,1
3498,Row_3497,1
3499,Row_3498,1
3500,Row_3499,1
3501,Row_3502,1
3502,Row_3503,1
3503,Row_3504,2
3504,Row_3505,2
3505,Row_3506,1
3506,Row_3507,1
3507,Row_3508,1
3508,Row_3509,1
3509,Row_3510,1
3510,Row_3511,1
3511,Row_3512,1
3512,Row_3513,1
3513,Row_3514,1
3514,Row_3515,1
3515,Row_3516,1
3516,Row_3517,1
3517,Row_3518,1
3518,Row_3519,1
3519,Row_3520,1
3520,Row_3521,1
3521,Row_3522,1
